﻿<?xml version="1.0" encoding="utf-8"?>
<!--urn:students-->
<students name="studnets list">
  <student>
    <name>Pesho Peshev</name>
    <gender>male</gender>
    <birthDate>01.01.1995</birthDate>
    <phoneNr>0881234567</phoneNr>
    <university>TU Sofia</university>
    <speciality>informatics</speciality>
    <facultyNumner>12345</facultyNumner>
    <exams>Databases, 1.07.2015, 6</exams>
  </student>
  <student>
    <name>Minka Pesheva</name>
    <gender>female</gender>
    <birthDate>01.02.1995</birthDate>
    <phoneNr>0881111111</phoneNr>
    <university>TU Sofia</university>
    <speciality>informatics</speciality>
    <facultyNumner>12345</facultyNumner>
    <exams>Databases, 1.07.2015, 5</exams>
  </student>
</students>